"first_name";"gender"
"Nino";"Male"
"Diogo";"Male"
"Edneide";"Female"
"Walker";"Male"
"Prisciane";"Female"
"Diana";"Female"
"Danielle";"Female"
"Kaio";"Male"
"Thais";"Female"
"Henrique";"Male"
"Gisele";"Female"
"Juliana";"Female"
"Catherine";"Female"
"Ká";NA
"Tiago";"Male"
"Leandro";"Male"
"Gabrieli";"Female"
"Washington";"Male"
"Manuela";"Female"
"Jôwill";NA
"Ma";"Female"
"Melissa";"Female"
"Carol";"Female"
"Odirlei";"Male"
"Cezar";"Male"
"Renata";"Female"
"Felippe";"Male"
"Anny";"Female"
"Sam";NA
"Marise";"Female"
"Talita";"Female"
"Lucas";"Male"
"Alex";"Male"
"Camila";"Female"
"Carlinha";"Female"
"Luiz";"Male"
"Carla";"Female"
"Marcelo";"Male"
"Mércia";"Female"
"Taise";"Female"
"Carolina";"Female"
"Patricia";"Female"
"Erika";"Female"
"Jose";"Male"
"Claudia";"Female"
"Gustavo";"Male"
"Orlando";"Male"
"Ana";"Female"
"Yasmin";"Female"
"Nice";"Female"
"Fabiana";"Female"
"Luana";"Female"
"Andreza";"Female"
"Daniela";"Female"
"Ksty";NA
"Eliandra";"Female"
"Pedro";"Male"
"Stefano";"Male"
"Hebert";"Male"
"Vinícius";"Male"
"Joanna";"Female"
"Fabio";"Male"
"Stéphanie";"Female"
"Lana";"Female"
"Jeff";"Male"
"Natan";"Male"
"Clicia";"Female"
"Tássia";"Female"
"Andreia";"Female"
"Bruna";"Female"
"Karina";"Female"
"Deângelo";"Male"
"Luis";"Male"
"Caroline";"Female"
"Beatriz";"Female"
"Yara";"Female"
"Nara";"Female"
"Nathalia";"Female"
"Bia";"Female"
"Pathy";NA
"Alessandra";"Female"
"Guilherme";"Male"
"Flavinha";"Female"
"Jocacio";"Male"
"Ingrid";"Female"
"Larissa";"Female"
"Vera";"Female"
"Thalita";"Female"
"Gabriel";"Male"
"Deise";"Female"
"Monisy";"Female"
"FernandoFer";NA
"Alê";NA
"Nilldo";NA
"Fabiane";"Female"
"Eliana";"Female"
"Aranoan";NA
"Sabrina";"Female"
"Duilio";"Male"
"Katia";"Female"
"Taísa";"Female"
"Alexandre";"Male"
"Hugo";"Male"
"Photos";NA
"Ynaie";"Female"
"Roseli";"Female"
"Heron";"Male"
"Rosania";"Female"
"Amanda";"Female"
"Eliane";"Female"
"Michael";"Male"
"Daniella";"Female"
"Rafael";"Male"
"Patrícia";"Female"
"Murilo";"Male"
"Dedé";"Male"
"João";"Male"
"Humberto";"Male"
"Meiry";"Female"
"Vanessa";"Female"
"Roselina";"Female"
"Rodrigo";"Male"
"Valderes";NA
"Monicaalauk";NA
"Anna";"Female"
"Diego";"Male"
"Evelyn";"Female"
"Natália";"Female"
"Gislene";"Female"
"Sara";"Female"
"Daniele";"Female"
"Thayane";"Female"
"Josh";"Male"
"Ricardo";"Male"
"Carlinhos";"Male"
"Lyh";NA
"Vinicius";"Male"
"Letícia";"Female"
"Zilma";"Female"
"Viviane";"Female"
"Ree";NA
"Karine";"Female"
"Aline";"Female"
"Clarice";"Female"
"Rayssa";"Female"
"Jéssica";"Female"
"Adriana";"Female"
"Leticia";"Female"
"Janine";"Female"
"Greice";"Female"
"Mariana";"Female"
"Sidney";"Male"
"Helena";"Female"
"Bruno";"Male"
"Rafaela";"Female"
"Karla";"Female"
"Elisangela";"Female"
"Fabricio";"Male"
"Dayane";"Female"
"Iuri";"Male"
"Kleber";"Male"
"Bernardo";"Male"
"Tati";"Female"
"Leonardo";"Male"
"Danilo";"Male"
"Giovanna";"Female"
"Idalina";"Female"
"Celsianne";NA
"Lu";NA
"Dhiego";"Male"
"Rogério";"Male"
"Mirelly";"Female"
"Maria";"Female"
"Máh";NA
"Felipe";"Male"
"Bianca";"Female"
"Laurinete";"Female"
"Katarine";"Female"
"Marcos";"Male"
"Edson";"Male"
"Carlos";"Male"
"Siax";NA
"Daniel";"Male"
"Marina";"Female"
"Pamela";"Female"
"Manoel";"Male"
"Fernanda";"Female"
"Gabriela";"Female"
"Bradescorretora";NA
"Cacau";NA
"Rose";"Female"
"Marco";"Male"
"Gabriella";"Female"
"Luiza";"Female"
"Waslhey";NA
"Ednalva";"Female"
"Douglas";"Male"
"Vania";"Female"
"Denise";"Female"
"Alberto";"Male"
"Raquel";"Female"
"David";"Male"
"Matheus";"Male"
"Michelle";"Female"
"Glaucia";"Female"
"Jair";"Male"
"Julia";"Female"
"Priscila";"Female"
"Moniky";"Female"
"Thierry";"Male"
"Kell";NA
"Sheila";"Female"
"Ítalo";"Male"
"Armandinho";"Male"
"Dani";NA
"Rachel";"Female"
"Jusciara";"Female"
"Jaqueliny";"Female"
"Joana";"Female"
"Ellen";"Female"
"Raphael";"Male"
"Victoria";"Female"
"Laura";"Female"
"Flavia";"Female"
"Lee";NA
"Elyene";"Female"
"Ariel";"Male"
"Evelin";"Female"
"Clécinha";NA
"Rodolfo";"Male"
"Thaís";"Female"
"Clayton";"Male"
"Mayara";"Female"
"Murillo";"Male"
"Weslley";"Male"
"Tamara";"Female"
"Gisela";"Female"
"Adrienne";"Female"
"Alvaro";"Male"
"Renato";"Male"
"Barbara";"Female"
"Wes";"Male"
"Cami";NA
"Thuane";"Female"
"Bruninha";NA
"Lara";"Female"
"Miria";"Female"
"Anielly";"Female"
"Roberto";"Male"
"Nathália";"Female"
"Victor";"Male"
"Clara";"Female"
"Francine";"Female"
"Silvia";"Female"
"Paty";"Female"
"Flávia";"Female"
"Osvaldo";"Male"
"Jackeline";"Female"
"Tamires";"Female"
"Glauber";"Male"
"Paulo";"Male"
"Deborah";"Female"
"Isabella";"Female"
"Luciana";"Female"
"Cássia";"Female"
"Juan";"Male"
"Jamile";"Female"
"Elder";"Male"
"Thiale";"Female"
"Val";NA
"Josué";"Male"
"Lipe";"Male"
"Afonso";"Male"
"Danieli";"Female"
"Miriam";"Female"
"Andre";"Male"
"Izabella";"Female"
"Herbert";"Male"
"Camilla";"Female"
"Victória";"Female"
"Natalia";"Female"
"Rosane";"Female"
"Marcela";"Female"
"Valdir";"Male"
"Paloma";"Female"
"Érika";"Female"
"Charles";"Male"
"Luan";"Male"
"Carriom";NA
"Clenilda";"Female"
"Téia";"Female"
"Thays";"Female"
"Shirley";"Female"
"Bárbara";"Female"
"Kaká";"Male"
"Nahome";NA
"Li";NA
"Rute";"Female"
"Isabelle";"Female"
"Pamella";"Female"
"Paola";"Female"
"Cleber";"Male"
"Fabiano";"Male"
"Raywillys";NA
"Hólice";NA
"Luisa";"Female"
"Aurélio";"Male"
"Valete";"Female"
"Celina";"Female"
"Nádia";"Female"
"Kathley";"Female"
"Weverton";"Male"
"Giselle";"Female"
"Ane";"Female"
"Denis";"Male"
"Flavio";"Male"
"Juarez";"Male"
"Beto";"Male"
"Dicky";NA
"Marcus";"Male"
"Ronaldo";"Male"
"André";"Male"
"Valderez";NA
"Adriam";"Male"
"Elivelton";"Male"
"Edegar";"Male"
"Rafaella";"Female"
"AlEf";"Male"
"Debora";"Female"
"Adriano";"Male"
"Dennis";"Male"
"Rogerio";"Male"
"Tatiana";"Female"
"Kledir";"Male"
"Angelo";"Male"
"Renan";"Male"
"Fernando";"Male"
"Elaine";"Female"
"Klyus";NA
"Ralf";"Male"
"Dom";"Male"
"Cinthia";"Female"
"Lirian";"Female"
"Rudi";"Male"
"Nayane";"Female"
"Rosie";NA
"Vítor";"Male"
"Francisco";"Male"
"Gilson";"Male"
"Eros";"Male"
"Elizabeth";"Female"
"Glória";"Female"
"Wilker";"Male"
"Erivelton";"Male"
"Irani";"Female"
"Profissional";NA
"Andressa";"Female"
"Vitor";"Male"
"Tarsila";"Female"
"Emelly";"Female"
"Thiago";"Male"
"Cynthia";"Female"
"Inayana";NA
"Cintia";"Female"
"Rubens";"Male"
"Drews";NA
"Leonard";"Male"
"Augusto";"Male"
"Jhonata";"Male"
"Mayra";"Female"
"Gilberto";"Male"
"Érik";"Male"
"Giuliano";"Male"
"Tammy";"Female"
"Valter";"Male"
"Claudio";"Male"
"Monique";"Female"
"Romero";"Male"
"Luma";"Female"
"Flávio";"Male"
"Adalberto";"Male"
"Stephan";"Male"
"Eric";"Male"
"Junior";"Male"
"Natã";"Male"
"Marcão";"Male"
"Jacqueline";"Female"
"Fabrícia";"Female"
"Jader";"Male"
"Tiagão";NA
"Caio";"Male"
"Armando";"Male"
"Christopher";"Male"
"Mano";"Male"
"Joao";"Male"
"Kamir";NA
"Aparecida";"Female"
"Tha";NA
"Raul";"Male"
"Maicon";"Male"
"Yolanda";"Female"
"Lucíola";"Female"
"Thamires";"Female"
"Nikolas";"Male"
"Eduardo";"Male"
"Kathê";"Female"
"Antonio";"Male"
"Jess";"Male"
"Dilly";"Female"
"Demilson";"Male"
"Roger";"Male"
"Penellope";NA
"Chrystian";"Male"
"Giovanni";"Male"
"Estranho";NA
"Richard";"Male"
"Isa";"Female"
"Cristal";"Female"
"Alessandro";"Male"
"Júlio";"Male"
"Odilon";"Male"
"Sergio";"Male"
"Moises";"Male"
"Lauro";"Male"
"Alisson";"Male"
"Josiano";"Male"
"Kevin";"Male"
"Ju";NA
"Kiara";"Female"
"Laércio";"Male"
"Talitha";"Female"
"Nathy";"Female"
"Anderson";"Male"
"Máken";NA
"Eve";NA
"Ragabash";NA
"Jefferson";"Male"
"Callethy";NA
"'Victor";NA
"José";"Male"
"Arter";NA
"Léo";"Male"
"Andrea";"Female"
"DjWess";NA
"Bira";"Male"
"Brenno";"Male"
"Lucão";NA
"Cícero";"Male"
"Fábio";"Male"
"Tony";"Male"
"Fred";"Male"
"Nayara";"Female"
"Stephanie";"Female"
"Bernd";"Male"
"Cilene";"Female"
"Shayenne";"Female"
"Ederson";"Male"
"Fabrizio";"Male"
"Kênia";"Female"
"Dan";"Male"
"Lukas";"Male"
"Débora";"Female"
"Polyane";"Female"
"Susana";"Female"
"William";"Male"
"Cleyton";"Male"
"Helder";"Male"
"Thaynara";"Female"
"Zôo";NA
"Edu";"Male"
"Gian";"Male"
"Gil";"Male"
"Igor";"Male"
"Sthefano";"Male"
"Gabi";"Female"
"Eder";"Male"
"Tales";"Male"
"Deyky";NA
"Leine";"Female"
"Willian";"Male"
"Isaac";"Male"
"Allan";"Male"
"Caique";"Male"
"Jai";NA
"Hérick";"Male"
"Iggor";"Male"
"Demétrio";"Male"
"Wagner";"Male"
"Janaina";"Female"
"Willy";"Male"
"Isabel";"Female"
"Jhonatan";"Male"
"Wesley";"Male"
"Marna";"Female"
"Boogi";NA
"Jorge";"Male"
"Marisnaide";NA
"Isadora";"Female"
"Fer";"Female"
"Winy";"Female"
"Karlerrane";NA
"Pablo";"Male"
"Stéfani";"Female"
"Mauro";"Male"
"Paulinho";"Male"
"Silas";"Male"
"Lani";"Female"
"Gerson";"Male"
"Suellen";"Female"
"Wyll";NA
"Hudson";"Male"
"Kassiany";"Female"
"Wellington";"Male"
"Hideo";"Male"
"Taynara";"Female"
"Vivis";NA
"Nátaly";"Female"
"Fatima";"Female"
"Rê";NA
"Vanilson";"Male"
"Clay";NA
"Ynaia";"Female"
"Celia";"Female"
"Romério";"Male"
"Alexandra";"Female"
"Juana";"Female"
"Silvana";"Female"
"Marly";"Female"
"Taize";"Female"
"Tatiane";"Female"
"Carminha";"Female"
"Walmir";"Male"
"Desiree";"Female"
"Milson";"Male"
"Ariane";"Female"
"Neto";"Male"
"Lucia";"Female"
"Vitória";"Female"
"Piera";"Female"
"Chris";NA
"Allen";NA
"Regina";"Female"
"Kaique";"Male"
"Christiano";"Male"
"Jocimar";"Male"
"Gilmar";"Male"
"Neyde";"Female"
"Roberta";"Female"
"Van";"Male"
"Paula";"Female"
"Byaa";NA
"Luciene";"Female"
"Julio";"Male"
"Valéria";"Female"
"Robenia";"Female"
"Geraldo";"Male"
"Lorrayne";"Female"
"Elias";"Male"
"Otavio";"Male"
"Alice";"Female"
"Nataly";"Female"
"Magaly";"Female"
"Ederaldo";"Male"
"Elisa";"Female"
"Claudinha";"Female"
"Célia";"Female"
"Rita";"Female"
"Lena";"Female"
"Rosana";"Female"
"Tânia";"Female"
"Christina";"Female"
"Werica";"Female"
"Cih";NA
"Silmara";"Female"
"Mari";"Female"
"Laísla";"Female"
"Liciane";"Female"
"Rosely";"Female"
"Lais";"Female"
"Fabíola";"Female"
"Naty";"Female"
"Ian";"Male"
"Arthur";"Male"
"Nilza";"Female"
"Isabela";"Female"
"Jane";"Female"
"Scarlett";"Female"
"Milene";"Female"
"Pri";NA
"Josivaldo";"Male"
"Wilian";"Male"
"Berenice";"Female"
"Monizi";"Female"
"Sofia";"Female"
"Nadine";"Female"
"Analice";"Female"
"Bru";"Male"
"Silvio";"Male"
"Nina";"Female"
"Kelly";"Female"
"Layla";"Female"
"Veronica";"Female"
"Marisa";"Female"
"Virgílio";"Male"
"Natiele";"Female"
"Jailson";"Male"
"Manu";NA
"Mayla";"Female"
"Ivanise";"Female"
"Stwart";"Male"
"Monica";"Female"
"Naná";"Female"
"Wendell";"Male"
"Elizangela";"Female"
"Silene";"Female"
"Marcello";"Male"
"Flaviane";"Female"
"Urbenauta";NA
"Mary";"Female"
"Nity";NA
"Ada";"Female"
"Evandro";"Male"
"Pâmela";"Female"
"Mariza";"Female"
"Dyego";"Male"
"Rafa";NA
"Giovana";"Female"
"Shirlene";"Female"
"Flor";"Female"
"Raíssa";"Female"
"Lígia";"Female"
"Manuel";"Male"
"Valesca";"Female"
"Kely";"Female"
"Marcia";"Female"
"Izabel";"Female"
"Erica";"Female"
"Grazy";"Female"
"Ortiz";"Male"
"Sheylla";"Female"
"Wilson";"Male"
"Mara";"Female"
"Júlia";"Female"
"Rudifran";NA
"Thata";NA
"Cris";NA
"Mony";"Female"
"Dríade";NA
"Andrius";"Male"
"Edouard";"Male"
"Ita";NA
"Erick";"Male"
"Simone";"Female"
"Josineide";"Female"
"Sarah";"Female"
"Avelino";"Male"
"Dandara";"Female"
"Wélio";"Male"
"Cyarico";NA
"Paulinha";"Female"
"Khaled";"Male"
"Marcio";"Male"
"Amina";"Female"
"Albiery";NA
"Sammer";NA
"Danila";"Female"
"Suelia";"Female"
"Robert";"Male"
"Dili";"Female"
"Pollyanna";"Female"
"Jessica";"Female"
"Raisa";"Female"
"Hemp";NA
"Mário";"Male"
"Raísa";"Female"
"Angélica";"Female"
"Yuri";"Male"
"Michel";"Male"
"Vânia";"Female"
"Vicente";"Male"
"Lilian";"Female"
"Christy";"Female"
"Alan";"Male"
"Sepe";"Male"
"Fabi";NA
"Adolfo";"Male"
"Terezinha";"Female"
"Márcio";"Male"
"Jessika";"Female"
"Manowell";NA
"Márcia";"Female"
"Michele";"Female"
"Moyses";"Male"
"Jauster";NA
"Higor";"Male"
"Cesar";"Male"
"Aderaldo";"Male"
"Poliana";"Female"
"Vita";"Female"
"Wlisses";"Male"
"Flora";"Female"
"Samantha";"Female"
"Marielle";"Female"
"Juliano";"Male"
"Grasiele";"Female"
"WS";NA
"Leo";"Male"
"Neide";"Female"
"Kate";"Female"
"Rosangela";"Female"
"Hamilton";"Male"
"Leonor";"Female"
"Jussara";"Female"
"Glenda";"Female"
"Guile";NA
"Dênis";"Male"
"Lúcia";"Female"
"Gê";NA
"Zeneide";"Female"
"Francisvaldo";"Male"
"Daniiela";"Female"
"Sonia";"Female"
"Yan";"Male"
"Angolana";NA
"Liana";"Female"
"Mateus";"Male"
"Gui";"Male"
"Xan";NA
"Amon";"Male"
"Eveline";"Female"
"Taciana";"Female"
"Jander";"Male"
"Sandra";"Female"
"Karoline";"Female"
"Guido";"Male"
"Jé";NA
"Acmachado";NA
"Redson";"Male"
"Andréia";"Female"
"Davi";"Male"
"Nelma";"Female"
"Chico";"Male"
"Ernesto";"Male"
"Dina";"Female"
"Kelseny";NA
"Josiel";"Male"
"Dayara";"Female"
"Carmen";"Female"
"Olívia";"Female"
"Nelson";"Male"
"Ohana";"Female"
"Clau";NA
"Assis";"Male"
"Pe-dro";NA
"Kimi";NA
"Themis";"Female"
"Everalda";"Female"
"Luís";"Male"
"Elizabete";"Female"
"Adriélli";"Female"
"Mel";"Female"
"Kayane";"Female"
"Cristina";"Female"
"Elizandra";"Female"
"Érica";"Female"
"Martha";"Female"
"Tete";NA
"Nilson";"Male"
"Jeferson";"Male"
"Zélia";"Female"
"Thauan";"Male"
"Lucimar";NA
"Adauto";"Male"
"Hélio";"Male"
"Siméia";"Female"
"Wendel";"Male"
"Lenilson";"Male"
"Gendreson";NA
"Sylvia";"Female"
"Sirpa";NA
"Amílcar";"Male"
"Luzenilda";"Female"
"Edvaldo";"Male"
"Andrielle";"Female"
"Maurício";"Male"
"Jaime";"Male"
"Rebecca";"Female"
"Cristiane";"Female"
"Eva";"Female"
"Durval";"Male"
"Ligia";"Female"
"Isis";"Female"
"Soirtimid";NA
"Petruska";"Female"
"Lua";NA
"Celso";"Male"
"Andreíza";"Female"
"Raffael";"Male"
"Naelly";"Female"
"Miguel";"Male"
"Najla";"Female"
"Hermogenes";"Male"
"Edvan";"Male"
"Edna";"Female"
"Néia";"Female"
"Soraia";"Female"
"Jezreel";"Male"
"Lourenço";"Male"
"Artur";"Male"
"Tulio";"Male"
"Adller";"Male"
"Cinelia";"Female"
"Ruth";"Female"
"Siqueira";NA
"Neia";"Female"
"Rosinha";"Female"
"Sonely";"Female"
"Graziella";"Female"
"Carlo";"Male"
"Mercia";"Female"
"Hilda";"Female"
"Doug";NA
"Esther";"Female"
"Dinei";NA
"Samara";"Female"
"Ivan";"Male"
"Selma";"Female"
"Betiane";"Female"
"Liliana";"Female"
"Genilda";"Female"
"Amora";"Female"
"Prii";NA
"Idair";NA
"Osmar";"Male"
"Emanuelle";"Female"
"Sonete";"Female"
"Gizah";NA
"George";"Male"
"Edemilson";"Male"
"Claudiane";"Female"
"Ale";NA
"Eldemberg";NA
"Rosa";"Female"
"Edilene";"Female"
"Evellyn";"Female"
"Léia";"Female"
"Valquíria";"Female"
"Kerolyn";"Female"
"Morgana";"Female"
"Lidiane";"Female"
"Fátima";"Female"
"Tadeu";"Male"
"Solange";"Female"
"Glauciane";"Female"
"Angela";"Female"
"Rivolta";NA
"Leide";"Female"
"Mylena";"Female"
"Ryck";"Male"
"Naeli";"Female"
"Jämäica";"Female"
"Lica";"Female"
"Rico";"Male"
"Thomas";"Male"
"Jennifer";"Female"
"Eliete";"Female"
"Dalva";"Female"
"Ingryd";"Female"
"Kokinha";NA
"Yvisen";NA
"Zelia";"Female"
"Mila";"Female"
"Cassio";"Male"
"Teka";"Female"
"Neuza";"Female"
"Heloísa";"Female"
"Darci";NA
"Priscilla";"Female"
"Angelica";"Female"
"Odila";"Female"
"Wal";NA
"Re";NA
"Aryadne";"Female"
"Lucieni";"Female"
"Wanda";"Female"
"Venâncio";"Male"
"Thereza";"Female"
"Ondina";"Female"
"Jurema";"Female"
"Cauê";"Male"
"Danúbia";"Female"
"Porto";NA
"Luzi";"Female"
"Jansey";"Male"
"Valeria";"Female"
"Yeska";"Female"
"Thai";"Female"
"Helida";"Female"
"Margarida";"Female"
"Yu";NA
"Alison";"Male"
"Marta";"Female"
"DA";NA
"Rael";"Male"
"Nilda";"Female"
"Neusa";"Female"
"Icaro";"Male"
"Stephani";"Female"
"Erenita";"Female"
"Germana";"Female"
"Vanderley";"Male"
"Black";NA
"Laiz";"Female"
"Jaine";"Female"
"Emília";"Female"
"Matilde";"Female"
"Susy";"Female"
"Rosângela";"Female"
"Bee";NA
"Mario";"Male"
"Karol";"Female"
"Kary";"Female"
"Karen";"Female"
"Samuel";"Male"
"Kezia";"Female"
"Emílio";"Male"
"Tetê";NA
"Jean";"Male"
"Regiane";"Female"
"Sidnei";"Male"
"Keti";"Female"
"Soledad";"Female"
"Olecram";NA
"Netto";NA
"Filipe";"Male"
"Gabrielle";"Female"
"Ibrahim";"Male"
"San";NA
"Ariadne";"Female"
"Joy";NA
"Dony";"Male"
"Xenia";"Female"
"Meg";"Female"
"Luciane";"Female"
"Kami";"Female"
"Nane";"Female"
"Inaye";"Female"
"Fabiola";"Female"
"Elane";"Female"
"Ivelise";"Female"
"Soraya";"Female"
"Andréa";"Female"
"Thauane";"Female"
"Liliane";"Female"
"Duarte";"Male"
"Giulia";"Female"
"Benê";NA
"Almeida";NA
"Fani";"Female"
"Miriã";"Female"
"Lilyan";"Female"
"Andrêza";"Female"
"Rubia";"Female"
"Vivih";NA
"Kamilla";"Female"
"Pan";NA
"Joice";"Female"
"Thaty";"Female"
"Agatha";"Female"
"Gleice";"Female"
"Giovane";"Male"
"Emerson";"Male"
"Taís";"Female"
"Heleni";"Female"
"Milena";"Female"
"Cibele";"Female"
"Cida";"Female"
"Omar";"Male"
"Hay";NA
"Alfredo";"Male"
"Helga";"Female"
"Naluh";NA
"Iara";"Female"
"Lincoln";"Male"
"Ieda";"Female"
"Nete";"Female"
"Sérgio";"Male"
"Rudnei";"Male"
"Jaque";NA
"Verônica";"Female"
"Cristiani";"Female"
"Criss";"Female"
